Fred,John Parkhill,peppers.png
Ruben,Rocío Mercado,mercado.jpg
Terry,Edward H. Sargent,peppers.png
Alex,Catherine Housecroft & Ed Constable,peppers.png
Matt,Peter R. Schreiner,peppers.png
Ksenia,Xiaosong Li,peppers.png
Yannick,Perdew,perdew.jpg
Juliette,Evgeny Pidko,pidko.jpg
Yuri,Julia Westermayr,westermayr.jpg
Marc,Loïc Roch,peppers.png
Shubhajit,Michael Levitt,peppers.png
Ruben,Sharon Glotzer,peppers.png
Simone,Robert S. Paton,peppers.png
Osvaldo,Joaquin Barroso-Flores,peppers.png
Alex,Marisa Kozlowski,peppers.png
Sara,Dirac,peppers.png
Juliette,Jean-Louis Reymond,peppers.png
Frederic,Franz Saija,peppers.png
Yuri,Jacqueline Cole,peppers.png
Simone,Fransisco Dean Toste,peppers.png
Liam,Weitao Yang,peppers.png
Puck,Hannes Stärk,peppers.png
Juliette,Ramón Alain Miranda Quintana,peppers.png
Yannick,Mario Geiger,peppers.png
Ruben,Esther Heid,heid.jpg
Jan,Klaus-Robert Müller,peppers.png
Osvaldo,Huziel E. Sauceda,peppers.png
Ksenia,Johann Gasteiger & Johannes Gasteiger & Michael Gastegger,peppers.png
